[
  {
    "baseType": 3,
    "name": "Channel",
    "defaultValue": "sn-changes",
    "description": "",
    "helpText": "Which chat channel to send the output to",
    "isSystem": false,
    "minLength": 0,
    "maxLength": 200,
    "validationRegex": "",
    "isValidate": false,
    "uuid": "581afe79-73cb-4135-8562-0a722ce8d743"
  },
  {
    "baseType": 1,
    "name": "Character Limit",
    "defaultValue": "20000",
    "description": "",
    "helpText": "This applies to Slack Attachment format and Markdown format messages only. Controls when to truncate the formatted output from ServiceNow. Webex Teams has a  7400 character limit for chat messages, so set to 7200 to be safe. Unless you know otherwise, keep this at 20000 which matches the xMatters max field length. ",
    "isSystem": false,
    "minValue": "",
    "maxValue": "",
    "units": "",
    "uuid": "62a2ca0a-5cd9-46a3-aaea-c33a97911a21"
  },
  {
    "baseType": 21,
    "name": "Chat Tool",
    "description": "",
    "helpText": "Slack features its own Custom Step to take advantage of Slack's formatting capabilities. Output is formatted as a Slack Message followed by a Slack Attachment. All other tools use  use a generic step with multiple output formats.",
    "isSystem": false,
    "values": [
      {
        "value": "Slack",
        "isDefault": true,
        "isVisible": true
      },
      {
        "value": "Everything else",
        "isDefault": false,
        "isVisible": true
      }
    ],
    "uuid": "bf19d6e6-6b31-4e95-865e-003ba5bf275f"
  },
  {
    "baseType": 1,
    "name": "Limit",
    "defaultValue": "10",
    "description": "",
    "helpText": "How many records ServiceNow should return. Maximum is 1000.",
    "isSystem": false,
    "minValue": "",
    "maxValue": "1000",
    "units": "",
    "uuid": "3c1af688-5b2d-43a5-8b09-1ced21461889"
  },
  {
    "baseType": 21,
    "name": "Order",
    "description": "",
    "helpText": "How to order the results",
    "isSystem": false,
    "values": [
      {
        "value": "DESC",
        "isDefault": true,
        "isVisible": true
      },
      {
        "value": "ASC",
        "isDefault": false,
        "isVisible": true
      }
    ],
    "uuid": "0587be97-9424-4bcb-863d-0bc369bc7ad5"
  },
  {
    "baseType": 21,
    "name": "Order By Field",
    "description": "",
    "helpText": "ServiceNow field name (not the label) for ordering the output.  E.g. start_date rather than Planned Start Date",
    "isSystem": false,
    "values": [
      {
        "value": "number",
        "isDefault": true,
        "isVisible": true
      },
      {
        "value": "start_date",
        "isDefault": false,
        "isVisible": true
      },
      {
        "value": "state",
        "isDefault": false,
        "isVisible": true
      }
    ],
    "uuid": "1c02028e-129c-4930-a345-0c27342939b8"
  },
  {
    "baseType": 21,
    "name": "Output Style",
    "description": "",
    "helpText": "Affects output formatting when not using Slack, i.e. when Chat Tool (above) is set to 'Everything else'",
    "isSystem": false,
    "values": [
      {
        "value": "Markdown",
        "isDefault": true,
        "isVisible": true
      },
      {
        "value": "Plain Text",
        "isDefault": false,
        "isVisible": true
      },
      {
        "value": "CSV",
        "isDefault": false,
        "isVisible": true
      }
    ],
    "uuid": "ce08c6de-f238-4370-a723-a22c035cd5cf"
  },
  {
    "baseType": 21,
    "name": "Period",
    "description": "",
    "helpText": "Used in the ServiceNow query.  The flow step uses a 'between' date range to query the Change Request table,  e.g. Start Date between the Beginning of ThisWeek and Current Hour.   You can choose the ThisWeek/ThisMonth part etc to pass in to the step.",
    "isSystem": false,
    "values": [
      {
        "value": "LastXDays",
        "isDefault": false,
        "isVisible": true
      },
      {
        "value": "LastXMonths",
        "isDefault": false,
        "isVisible": true
      },
      {
        "value": "Today",
        "isDefault": false,
        "isVisible": true
      },
      {
        "value": "Yesterday",
        "isDefault": false,
        "isVisible": true
      },
      {
        "value": "ThisWeek",
        "isDefault": true,
        "isVisible": true
      },
      {
        "value": "LastWeek",
        "isDefault": false,
        "isVisible": true
      },
      {
        "value": "ThisMonth",
        "isDefault": false,
        "isVisible": true
      },
      {
        "value": "LastMonth",
        "isDefault": false,
        "isVisible": true
      },
      {
        "value": "ThisQuarter",
        "isDefault": false,
        "isVisible": true
      },
      {
        "value": "LastQuarter",
        "isDefault": false,
        "isVisible": true
      },
      {
        "value": "ThisYear",
        "isDefault": false,
        "isVisible": true
      },
      {
        "value": "LastYear",
        "isDefault": false,
        "isVisible": true
      },
      {
        "value": "OneYearAgo",
        "isDefault": false,
        "isVisible": true
      },
      {
        "value": "LastHour",
        "isDefault": false,
        "isVisible": true
      },
      {
        "value": "Last2Hours",
        "isDefault": false,
        "isVisible": true
      }
    ],
    "uuid": "4b8e307c-b70e-4ba8-8182-cafa0e781f35"
  },
  {
    "baseType": 3,
    "name": "Team Name",
    "defaultValue": "MIM",
    "description": "",
    "helpText": "Applies to Microsoft Teams only",
    "isSystem": false,
    "minLength": 0,
    "maxLength": 200,
    "validationRegex": "",
    "isValidate": false,
    "uuid": "f36137ef-a871-4130-be0c-ed601df3a339"
  },
  {
    "baseType": 1,
    "name": "X",
    "description": "",
    "helpText": "Used only when Period (above) is set to LastXDays or LastXMonths. Legal values of x are Days => 7,60,90,120. Months => 3,6,9,12.",
    "isSystem": false,
    "minValue": "",
    "maxValue": "",
    "units": "",
    "uuid": "0c4f718c-e21e-41c6-a602-50a4a2a9ddea"
  }
]