{
  "integrations": [
    {
      "id": "f9463797-83b2-4d7d-989f-d316df2eebfd",
      "name": "SN Get Changes - Event Status Updates",
      "action": "RUN_SCRIPT",
      "type": "OUTBOUND_WEBHOOK",
      "triggeredBy": "STATUS",
      "deployed": true,
      "form": "99fbf803-e0f0-4e02-b449-78da612ea3c5",
      "environment": "HOSTED",
      "authType": "NONE",
      "createdBy": "FLOW"
    }
  ],
  "endpoints": [
    {
      "name": "ServiceNow",
      "baseUrl": "https://dev54042.service-now.com/",
      "type": "EXTERNAL",
      "authentication": "SERVICENOW"
    },
    {
      "name": "Slack Instance",
      "baseUrl": "https://slack.com/api",
      "type": "EXTERNAL",
      "authentication": "OAUTH_SLACK"
    }
  ],
  "constants": [
    {
      "name": "ServiceNow Base URL",
      "value": "https://dev54042.service-now.com/",
      "description": "E.g. https://abcdefg.service-now.com/"
    }
  ]
}