[
  {
    "id": "e859f3a2-b894-40cf-b63a-2428d13a8e2e",
    "name": "SN Get Changes",
    "description": "Queries ServiceNow for recent Change Requests. Choice of output formats: JSON, plain text, markdown and CSV.",
    "icon": "https://s3-xmatters-static.s3.amazonaws.com/null%2Fcustomers%2Fb1d45caa-e9a4-4422-9702-5aece4f445a0%2FIMAGE__20210309105140398__chewy+orange+icon.png",
    "script": "console.log('------------------');\nlet title = 'SN Get Changes flow step';\nconsole.log(title+' started');\n\nif (!input.serviceNow_url) {\n    console.log(\"No ServiceNow URL passed in\");\n    output.changeCount = 0;\n    return;\n}\n\nlet baseUrl = input.serviceNow_url;\nlet x = (input.X? input.X.toString().trim(): '');\nlet period = (input.period? input.period.trim(): 'LastYear');\nlet limit = (input.limit? input.limit : '10') ; // Suggest keep to <10 for testing\nlet order = (input.order? input.order:'ASC');\nlet orderBy_field = (input.orderBy_field? input.orderBy_field.trim():'number');\nlet characterLimit = (input.characterLimit ?input.characterLimit :'20000');\nif (isNaN(characterLimit))\n    characterLimit = '20000';\n    \nconsole.log(`Starting with period ${period}; x ${x}; limit ${limit} and order by ${orderBy_field} ${order}`);\nconsole.log(`baseUrl ${baseUrl}; characterLimit ${characterLimit}`);\n\n// Assemble a GET query for ServiceNow\nlet root = 'api/now/table/change_request';\nlet tail = `&sysparm_display_value=all&sysparm_limit=${limit}`;\n\n// The date range is made up of several parts.\n// We query from the beginning of a period until the end of the current hour\nlet param =[];\n\n// Get the beginning value set properlu\n// Legal values are Today,Yesterday,ThisWeek,LastWeek,ThisMonth,ThisQuarter,LastQuarter,\n//                  LastXMonths,LastXDays,LastHour,Last2Hours\n// Value X works with Period. Legal values are Days=>7,60,90,120. Months=>3,6,9,12.\n\nlet beginning='';\nif (period.match(/lastXdays/i) && x.match(/^(7|60|90|120)$/)){\n   beginning = `Last${x}Days`; \n}\nelse if (period.match(/lastXmonths/i) && x.match(/^(3|6|9|12)$/)){\n    beginning = `Last${x}Months`;\n}\nelse if (period.match(/^(Today|Yesterday|ThisWeek|LastWeek|ThisMonth|LastMonth|ThisQuarter|LastQuarter|ThisYear|LastYear|OneYearAgo|LastHour|Last2Hours)$/)) {\n    beginning = period;    \n} \nelse { //fall-thru in case of nonsense\n    console.log('Setting default period string from beginningOfYesterday');\n    beginning='Yesterday';\n}\n\n/* Three fields in SN are a candidate for start date.\n * Planned Start Date [start_date] is most used\n * Actual Start Date [work_start] is sometimes used post-change\n * Expected Start [expected_start] rarely used, but you never now.\n */\nparam.push(    `start_dateBETWEENjavascript:gs.beginningOf${beginning}()@javascript:gs.endOfCurrentHour()`);\nparam.push(    `work_startBETWEENjavascript:gs.beginningOf${beginning}()@javascript:gs.endOfCurrentHour()`);\nparam.push(`expected_startBETWEENjavascript:gs.beginningOf${beginning}()@javascript:gs.endOfCurrentHour()`);\n\nparams = param.join('^OR');\n\nparams = encodeURIComponent(params);\n\n// Order by \nif (order.match(/desc/i)) // z to a\n    params += encodeURIComponent(`^ORDERBYDESC${orderBy_field}`)\nelse // a to z is the default\n    params+= encodeURIComponent(`^ORDERBY${orderBy_field}`);\n\n// We have all the pieces to make the query path\nlet path =`${root}?sysparm_query=${params}${tail}`;\n\nconsole.log(\"Path is\\n\"+decodeURIComponent(path));\n\n// Perform the HTTP request\nvar request = http.request({\n  endpoint: 'ServiceNow',\n  method: 'GET',\n  path: path\n});\n\nvar response = request.write();\nlet statusCode = response.statusCode;\noutput.statusCode = statusCode;  // Pass SN status code to output\n\n\nif (statusCode != 200) {\n    console.log('Unable to get Changes list from ServiceNow');\n    output.changeCount = 0;\n    return;\n}\n\nvar body = JSON.parse(response.body);\n\n\nif (!body.result){\n    console.log('No body in result. Strange');\n    output.changes_JSON = {};\n    output.changeCount = 0;\n    return;\n}\n\n\nlet changes = body.result; // array of objects\noutput.changeCount = changes.length;\nconsole.log('ServiceNow returned '+ changes.length+' changes');\n\n// Pass the JSON from ServiceNow as an output offering\noutput.changes_JSON = changes;\n\n// Some arrays to assemble the output\nlet markdown=[], text=[], csv=[];\nlet m=''; // message\n\nm =`Recent Change Requests`;\ntext.push(m); markdown.push(`====*${m}*====`);\n\nm = `Checked Changes starting from beginning of ${beginning} until end of current hour, limit ${limit}.`;\ntext.push(m); markdown.push(m);\n\n// header row\ncsv.push(`Number,Type,Description,State,Business Service,Assignment Group,Assigned To,Start Date,End Date,Close Code,Close Notes`);// Header row\n\n\n\n// When an empty {\"result\":[]} is returned, it could be due to a lack of Changes\n// but maybe a lack of read-permission.\nif (changes.length===0) {\n    m = `ServiceNow did not return any recent Change Requests`;\n    text.push(m); markdown.push(`_${m}_`);\n\n    console.log('There might well be zero changes for the period selected. Or possibly your ServiceNow endpoint user lacks read-permisission on '+\n    'change_request table. Does user have itil role?');\n}\nelse {\n    m = `Could any of these be to blame?`;\n    text.push(m); markdown.push(`_${m}_`);\n}\n\n\n\n// We deliberately omit the limit in the  ServiceNow URL query.\n// Maybe there are more changes than are displayed in Slack\nlet standalone_query=''; // Two styles available. \nstandalone_query =`${baseUrl}change_request_list.do?sysparm_query=${params}`; // standalone \nstandalone_query =`${baseUrl}nav_to.do?uri=/change_request_list.do?sysparm_query=${params}`; // lefthand nav-style \n\nm =`Query in ServiceNow was ${standalone_query}`\nconsole.log(m);  \ntext.push(m); \n// Using this markdown format for link. Which doesn't work in Slack.\n// [Duck Duck Go](https://duckduckgo.com)\nmarkdown.push(`See query in [ServiceNow](${standalone_query})`); \n\nlet charCount=0; // actually only the markdown charCount\nlet sorryMsg = false;\n\nfor (let i=0; i< changes.length; i++)\n{\n    let chg = changes[i];\n    let start_date = chg.start_date.display_value;\n    let end_date = chg.end_date.display_value;\n    let number = chg.number.value;\n    let sys_id = chg.sys_id.value;\n    let sdesc = chg.short_description.value.trim();\n    let state = chg.state.display_value;\n    let risk = chg.risk.display_value;\n    let type = chg.type.display_value;\n    let cmdb_ci = chg.cmdb_ci.display_value;\n    let assigned_to = chg.assigned_to.display_value;\n    let assignment_group = chg.assignment_group.display_value;\n    let close_code = chg.close_code.display_value !==null ? chg.close_code.display_value:'-';\n    let close_notes = chg.close_notes.display_value.trim();\n    let bs = chg.business_service.display_value;\n    \n    console.log(`${i+1} of ${changes.length}: ${number} \"${sdesc}\"`);\n    let url=`${baseUrl}/nav_to.do?uri=/change_request.do?sys_id=${sys_id}`;\n\n    text.push(`${number} ${sdesc}\\nState: ${state}   Type: ${type}\\nBusiness Service: ${bs}\\nAssignment Group: ${assignment_group}`);\n    text.push(`Start ${start_date} End ${end_date}\\nClose Code: ${close_code}\\n${close_notes?'Close Notes: '+close_notes+'\\n':''}`);\n\n    // Link format [Duck Duck Go](https://duckduckgo.com)\n    m  = `*${number}* [link](${url})\\n`;\n    m += `>${sdesc}\\n>State: *${state}*  Type *${type}*\\n>Business Service: *${bs}*\\n>Assignment Group *${assignment_group}*\\n`;\n    m += `>Start ${start_date}   End ${end_date}\\n`;\n    \n    if (close_code !='-')\n        m+= `>Close Code: ${close_code}\\n`;\n    if (close_notes)\n        m+= `>Close Notes: ${close_notes}\\n`;\n    \n    m+= '---';\n    let mChars = m.length;\n    \n    csv.push(`${number},${type},${sdesc},${state},${bs},${assignment_group},${assigned_to},${start_date},${end_date},${close_code},${close_notes}`);\n \n    \n    if ((charCount + mChars) > characterLimit){\n        console.log(`Adding this Change to Markdown would exceed ${characterLimit} char limit`);\n            // Prepare a little 'sorry' message\n            let remaining = changes.length - i;\n            m = `Sorry, not displaying another ${remaining} Change Request${remaining!=1?'s':''} due to message size restrictions.`;\n            \n            mChars = m.length\n\n            // Do we have enough room for even this little 'sorry' message?\n            if ((!sorryMsg && charCount + mChars)<characterLimit){\n               console.log(`mini message is ${mChars} chars can add to markdown`);\n                markdown.push(m);\n                sorryMsg = true;\n            }\n            else {\n                console.log(`mini message is ${mChars} chars, no room even for this on markdown`);\n            }\n        \n     \n    }\n    else {\n        markdown.push(m);\n        charCount += mChars;\n    }\n    \n\n    console.log(`Total charCount after ${i+1} change cards is ${charCount}`)\n}\n\noutput.changes_Markdown = markdown.join('\\n\\n');\noutput.changes_Text = text.join('\\n');\noutput.changes_CSV = csv.join('\\n');\n\n\nconsole.log(title+' finished'); \nconsole.log('------------------');\n",
    "endpointAuthType": "SERVICENOW",
    "endpointLabel": "ServiceNow",
    "allowedEnvironment": "BOTH",
    "accessibleByAll": "NotShared",
    "scriptStepType": "USER",
    "inputs": [
      {
        "id": "bcb52b58-004a-4041-a586-9f3ad07b1002",
        "name": "serviceNow_url",
        "helpText": "ServiceNow base url, e.g. https://abdef.service-now.com",
        "defaultValue": "",
        "multiline": false,
        "required": false,
        "maxLength": 2000,
        "minLength": 0,
        "position": 0
      },
      {
        "id": "c3cc9640-3fdd-450e-b455-77351cd2c66e",
        "name": "period",
        "helpText": "",
        "defaultValue": "",
        "multiline": false,
        "required": false,
        "maxLength": 2000,
        "minLength": 0,
        "position": 1
      },
      {
        "id": "1105c80c-7ec6-4557-b542-36beb6c22c29",
        "name": "X",
        "helpText": "Works when period (above) is LastXDays or LastXMonths. Legal values of x are Days => 7,60,90,120. Months => 3,6,9,12.",
        "defaultValue": "",
        "multiline": false,
        "required": false,
        "maxLength": 2000,
        "minLength": 0,
        "position": 2
      },
      {
        "id": "e9ee3ff8-1e21-4ba0-adc9-5b4477c6eb86",
        "name": "limit",
        "helpText": "Max number of Change Requests to return",
        "defaultValue": "",
        "multiline": false,
        "required": false,
        "maxLength": 2000,
        "minLength": 0,
        "position": 3
      },
      {
        "id": "dd95b47d-b21a-4cd7-8047-2abb73e63469",
        "name": "orderBy_field",
        "helpText": "Which field to order by",
        "defaultValue": "start_date",
        "multiline": false,
        "required": false,
        "maxLength": 2000,
        "minLength": 0,
        "position": 4
      },
      {
        "id": "ca3bb2ff-ffaa-4f61-9968-3a5924ae617b",
        "name": "order",
        "helpText": "We order by start_date ascending; you can enter DESC to reverse the order.",
        "multiline": false,
        "required": false,
        "maxLength": 2000,
        "minLength": 0,
        "position": 5
      },
      {
        "id": "79dcfd40-efe6-465d-af6a-906a5393af7f",
        "name": "characterLimit",
        "helpText": "Used to prevent slackAttachment output getting too long. 20k is both default and the maximum allowed.",
        "defaultValue": "20000",
        "multiline": false,
        "required": false,
        "maxLength": 5,
        "minLength": 0,
        "position": 6
      }
    ],
    "outputs": [
      {
        "id": "86d0ed02-e2cf-469a-8ac9-a94eeaaef357",
        "name": "changes_JSON",
        "position": 0
      },
      {
        "id": "c9bd3510-199d-498f-85c9-2f110ff7dd23",
        "name": "changes_Text",
        "position": 1
      },
      {
        "id": "d090a76c-45fa-4ad2-915c-207c9a017806",
        "name": "changes_CSV",
        "position": 2
      },
      {
        "id": "b6bb4d30-0430-4f19-839e-0ba16f9d10cf",
        "name": "changes_Markdown",
        "position": 3
      },
      {
        "id": "f7e0fbca-dbf5-4bd0-b344-1088335c7d0f",
        "name": "changeCount",
        "position": 4
      },
      {
        "id": "05890615-13cb-4397-9e1d-85771483df1a",
        "name": "statusCode",
        "position": 5
      }
    ],
    "libraries": []
  },
  {
    "id": "38c51d2e-23e5-4eef-82c9-5278b789048e",
    "name": "SN Get Changes for Slack",
    "description": "Queries ServiceNow for recent Change Requests. Formats output for Slack.",
    "icon": "https://s3-xmatters-static.s3.amazonaws.com/null%2Fcustomers%2Fb1d45caa-e9a4-4422-9702-5aece4f445a0%2FIMAGE__20210303162518713__chewy+green+icon.png",
    "script": "console.log('------------------');\nlet title = 'SN Get Changes for Slack flow step';\nconsole.log(title+' started');\n\nif (!input.serviceNow_url) {\n    console.log(\"No ServiceNow URL passed in\");\n    output.changeCount = 0;\n    return;\n}\n\nlet baseUrl = input.serviceNow_url;\nlet x = (input.X? input.X.toString().trim(): '');\nlet period = (input.period? input.period.trim(): 'LastYear');\nlet limit = (input.limit? input.limit : '10') ; // Suggest keep to <10 for testing\nlet order = (input.order? input.order:'ASC');\nlet orderBy_field = (input.orderBy_field? input.orderBy_field.trim():'number');\nlet characterLimit = (input.characterLimit ?input.characterLimit :'20000');\nif (isNaN(characterLimit))\n    characterLimit = '20000';\n    \nconsole.log(`Starting with period ${period}; x ${x}; limit ${limit} and order by ${orderBy_field} ${order}`);\nconsole.log(`baseUrl ${baseUrl}; characterLimit ${characterLimit}`);\n\n// Assemble a GET query for ServiceNow\nlet root = 'api/now/table/change_request';\nlet tail = `&sysparm_display_value=all&sysparm_limit=${limit}`;\n\n// The date range is made up of several parts.\n// We query from the beginning of a period until the end of the current hour\nlet param =[];\n\n// Get the beginning value set properlu\n// Legal values are Today,Yesterday,ThisWeek,LastWeek,ThisMonth,ThisQuarter,LastQuarter,\n//                  LastXMonths,LastXDays,LastHour,Last2Hours\n// Value X works with Period. Legal values are Days=>7,60,90,120. Months=>3,6,9,12.\n\nlet beginning='';\nif (period.match(/lastXdays/i) && x.match(/^(7|60|90|120)$/)){\n   beginning = `Last${x}Days`; \n}\nelse if (period.match(/lastXmonths/i) && x.match(/^(3|6|9|12)$/)){\n    beginning = `Last${x}Months`;\n}\nelse if (period.match(/^(Today|Yesterday|ThisWeek|LastWeek|ThisMonth|LastMonth|ThisQuarter|LastQuarter|ThisYear|LastYear|OneYearAgo|LastHour|Last2Hours)$/)) {\n    beginning = period;    \n} \nelse { //fall-thru in case of nonsense\n    console.log('Setting default period string from beginningOfYesterday');\n    beginning='Yesterday';\n}\n\n/* Three fields in SN are a candidate for start date.\n * Planned Start Date [start_date] is most used\n * Actual Start Date [work_start] is sometimes used post-change\n * Expected Start [expected_start] rarely used, but you never now.\n */\nparam.push(    `start_dateBETWEENjavascript:gs.beginningOf${beginning}()@javascript:gs.endOfCurrentHour()`);\nparam.push(    `work_startBETWEENjavascript:gs.beginningOf${beginning}()@javascript:gs.endOfCurrentHour()`);\nparam.push(`expected_startBETWEENjavascript:gs.beginningOf${beginning}()@javascript:gs.endOfCurrentHour()`);\n\nparams = param.join('^OR');\n\nparams = encodeURIComponent(params);\n\n// Order by \nif (order.match(/desc/i)) // z to a\n    params += encodeURIComponent(`^ORDERBYDESC${orderBy_field}`)\nelse // a to z is the default\n    params+= encodeURIComponent(`^ORDERBY${orderBy_field}`);\n\n// We have all the pieces to make the query path\nlet path =`${root}?sysparm_query=${params}${tail}`;\n\nconsole.log(\"Path is\\n\"+decodeURIComponent(path));\n\n// Perform the HTTP request\nvar request = http.request({\n  endpoint: 'ServiceNow',\n  method: 'GET',\n  path: path\n});\n\nvar response = request.write();\nlet statusCode = response.statusCode;\noutput.statusCode = statusCode;\n\n\nif (statusCode != 200) {\n    console.log('Unable to get Changes list from ServiceNow');\n    output.changeCount = 0;\n    return;\n}\n\nvar body = JSON.parse(response.body);\n\nif (!body.result){\n    console.log('No body in result. Strange');\n    output.changeCount = 0;\n    return;\n}\n\n\nlet changes = body.result; // array of objects\noutput.changeCount = changes.length;\n\n// Some arrays to assemble the output\nlet markdown=[], attachment=[]; \nmarkdown.push(`====*Recent Change Requests*====`);\nmarkdown.push(`Checked Changes starting from beginning of ${beginning} until end of current hour, limit ${limit}.`)\nconsole.log('ServiceNow returned '+ changes.length+' changes');\n\n// When an empty {\"result\":[]} is returned, it could be due to a lack of Changes\n// but maybe a lack of read-permission.\nif (changes.length===0) {\n    markdown.push('_ServiceNow did not return any recent Change Requests_');\n    \n    console.log('There might well be zero changes for the period selected. Or possibly your ServiceNow endpoint user lacks read-permisission on '+\n    'change_request table. Does user have itil role?');\n}\n\n\nelse {\n    markdown.push(`_Could any of these be to blame?_`);\n}\n\n// We deliberately omit the limit in the  ServiceNow URL query.\n// There may be more changes than displayed in Slack\nlet standalone_query=''; // Two styles available. \nstandalone_query =`${baseUrl}change_request_list.do?sysparm_query=${params}`; // standalone \nstandalone_query =`${baseUrl}nav_to.do?uri=/change_request_list.do?sysparm_query=${params}`; // lefthand nav-style \n\nconsole.log(`Standalone query is ${standalone_query}`);\n\n// Display a link to the full query\nmarkdown.push(`View the <${standalone_query}|Change List in ServiceNow>`);\n\nlet charCount=0;\n\nfor (let i=0; i< changes.length; i++)\n{\n    let chg = changes[i];\n    let start_date = chg.start_date.display_value;\n    let end_date = chg.end_date.display_value;\n    let number = chg.number.value;\n    let sys_id = chg.sys_id.value;\n    let sdesc = chg.short_description.value.trim();\n    let state = chg.state.display_value;\n    let risk = chg.risk.display_value;\n    let type = chg.type.display_value;\n    let cmdb_ci = chg.cmdb_ci.display_value;\n    let assigned_to = chg.assigned_to.display_value;\n    let assignment_group = chg.assignment_group.display_value;\n    let close_code = chg.close_code.display_value !==null ? chg.close_code.display_value:'-';\n    let close_notes = chg.close_notes.display_value.trim();\n    let bs = chg.business_service.display_value;\n    \n    console.log(`${i+1} of ${changes.length}: ${number} \"${sdesc}\"`);\n    let url=`${baseUrl}/nav_to.do?uri=/change_request.do?sys_id=${sys_id}`;\n\n    \n    \n    let attach = \n          {\n\t        \"mrkdwn_in\": [\"text\"],\n            \"color\": \"#36a64f\",\n            \"pretext\": `Presenting ${i+1} of ${changes.length} recent Change Requests`,\n     \n            \"title\": `${type} ${number}`,\n            \"title_link\": url,\n            \"text\": sdesc,\n            \"fields\": [\n                {\n                    \"title\": \"Business Service\",\n                    \"value\": bs,\n                    \"short\": false\n                },\n\n                {\n                    \"title\": \"Risk\",\n                    \"value\": risk,\n                    \"short\": true\n                },\n                {\n                    \"title\": \"State\",\n                    \"value\": state,\n                    \"short\": true\n                },\n                {\n                    \"title\": \"Start Date\",\n                    \"value\": start_date,\n                    \"short\": true\n                },\n                {\n                    \"title\": \"End Date\",\n                    \"value\": end_date,\n                    \"short\": true\n                },\n                {\n                    \"title\": \"Assignment Group\",\n                    \"value\": assignment_group,\n                    \"short\": true\n                },\n                {\n                    \"title\": \"Assigned To\",\n                    \"value\": assigned_to,\n                    \"short\": true\n                },\n                \n                \n            ],\n            \"thumb_url\": \"https://s3-xmatters-static.s3.amazonaws.com/image_library%2Fcustomers%2Fb1d45caa-e9a4-4422-9702-5aece4f445a0%2FIMAGE__20210305131940740__serviceNow_square.png\",\n            \"footer\": \"xMatters\",\n            \"footer_icon\": \"https://platform.slack-edge.com/img/default_application_icon.png\"\n        };\n    \n    // Supply Close Code and Close Notes if there's something to see\n    if (close_code!='-') {\n        attach.fields.push({\n                    \"title\": \"Close Code\",\n                    \"value\": close_code,\n                    \"short\": true\n                }) ;\n    }\n    if (close_notes) {\n        attach.fields.push({\n                    \"title\": \"Close Notes\",\n                    \"value\": close_notes,\n                    \"short\": true\n                }) ;   \n    }\n    \n    let attachChars = JSON.stringify(attach).length;\n    console.log(`attachChars for this change ${attachChars}`);\n    \n    if ((charCount + attachChars)>characterLimit){\n        console.log(`Adding this Change to output would exceed ${characterLimit} char limit`);\n            // Prepare a little 'sorry' message\n            let remaining = changes.length - i;\n            attach =   {\n\t            \"mrkdwn_in\": [\"text\"],\n                \"color\": \"#36a64f\",\n                \"pretext\": `Sorry, not displaying cards for another ${remaining} Change Request${remaining!=1?'s':''} due to message size restrictions.`,\n            };\n            \n            attachChars = JSON.stringify(attach).length;\n            console.log(`attachChars for mini message is ${attachChars}`);\n\n            // Do we have enough room for even this little 'sorry' message?\n            if ((charCount + attachChars)<characterLimit){\n                attachment.push(attach);\n            }\n            else {\n                console.log(`Truncated output due to character limit. Not even enough space to attach the 'sorry' message`);\n            }\n        \n        break;    \n    }\n    \n    attachment.push(attach);\n    charCount += attachChars;\n    console.log(`Total charCount after ${i+1} change cards is ${charCount}`)\n}\n\noutput.changes_slackMessage = markdown.join('\\n\\n');\noutput.changes_slackAttachment =JSON.stringify(attachment);\n\n\nconsole.log(title+' finished'); \nconsole.log('------------------');\n\n\n",
    "endpointAuthType": "SERVICENOW",
    "endpointLabel": "ServiceNow",
    "allowedEnvironment": "BOTH",
    "accessibleByAll": "NotShared",
    "scriptStepType": "USER",
    "inputs": [
      {
        "id": "1797cdee-8a69-4551-ae71-6cd863ebf68c",
        "name": "serviceNow_url",
        "helpText": "ServiceNow base url, e.g. https://abdef.service-now.com",
        "defaultValue": "",
        "multiline": false,
        "required": false,
        "maxLength": 2000,
        "minLength": 0,
        "position": 0
      },
      {
        "id": "ec8dec66-4b30-4c06-a0b4-1063fe94282c",
        "name": "period",
        "helpText": "",
        "defaultValue": "",
        "multiline": false,
        "required": false,
        "maxLength": 2000,
        "minLength": 0,
        "position": 1
      },
      {
        "id": "fea62965-f6fa-43e3-a670-4519ac572b79",
        "name": "X",
        "helpText": "Works when period (above) is LastXDays or LastXMonths. Legal values of x are Days => 7,60,90,120. Months => 3,6,9,12.",
        "defaultValue": "",
        "multiline": false,
        "required": false,
        "maxLength": 2000,
        "minLength": 0,
        "position": 2
      },
      {
        "id": "01488066-a75e-4725-9813-7aeff8a2d92e",
        "name": "limit",
        "helpText": "Max number of Change Requests to return",
        "defaultValue": "",
        "multiline": false,
        "required": false,
        "maxLength": 2000,
        "minLength": 0,
        "position": 3
      },
      {
        "id": "d8d7e314-d4c5-49d8-a19d-7543c534e461",
        "name": "orderBy_field",
        "helpText": "Which field to order by",
        "defaultValue": "start_date",
        "multiline": false,
        "required": false,
        "maxLength": 2000,
        "minLength": 0,
        "position": 4
      },
      {
        "id": "6abb2c3d-b140-47df-9003-dd6406b223a0",
        "name": "order",
        "helpText": "We order by start_date ascending; you can enter DESC to reverse the order.",
        "multiline": false,
        "required": false,
        "maxLength": 2000,
        "minLength": 0,
        "position": 5
      },
      {
        "id": "0045b2cc-e728-41ad-b7b7-62f2125940f1",
        "name": "characterLimit",
        "helpText": "Used to prevent slackAttachment output getting too long. 20k is both default and the maximum allowed.",
        "defaultValue": "20000",
        "multiline": false,
        "required": false,
        "maxLength": 5,
        "minLength": 0,
        "position": 6
      }
    ],
    "outputs": [
      {
        "id": "146555f3-6890-4ff0-9099-7396b07340af",
        "name": "changes_slackAttachment",
        "position": 0
      },
      {
        "id": "34d5c4ec-ed66-4eb0-9ccf-7f2ee2259f7c",
        "name": "changes_slackMessage",
        "position": 1
      },
      {
        "id": "4ccbb581-8904-44b7-907c-7fdc8655c78b",
        "name": "changeCount",
        "position": 2
      },
      {
        "id": "c253e7a6-f2f7-40df-a690-b632f471e2d7",
        "name": "statusCode",
        "position": 3
      }
    ],
    "libraries": []
  }
]