{
  "name": "SN Get Changes",
  "form": "99fbf803-e0f0-4e02-b449-78da612ea3c5",
  "blocks": [
    {
      "id": "8b41493d-64c7-4ef0-ad8d-7f7ff889576d",
      "endpoint": "Slack Instance",
      "label": "Create Channel",
      "environment": "HOSTED",
      "presentation": "{\"w\":60,\"x\":1112,\"h\":60,\"y\":63}",
      "step": "22cda9cb-9572-569c-9fde-fe8505a6908a",
      "stepType": "SCRIPT_STEP",
      "inputMappings": [
        {
          "inputPort": "input",
          "mapping": "${event.properties.Channel}",
          "stepInput": "4f0f8138-39b4-555f-8957-8587479a622a"
        },
        {
          "inputPort": "input",
          "mapping": "false",
          "stepInput": "5c5cec47-9a60-5c03-95d7-9e75de27d401"
        },
        {
          "inputPort": "input",
          "mapping": "true",
          "stepInput": "7b8986bf-9463-51f0-9433-098e86ae71f4"
        }
      ]
    },
    {
      "id": "ab81a76e-6dd2-42ab-ad0f-e706e4ee2504",
      "endpoint": "Slack Instance",
      "label": "Create Channel",
      "environment": "HOSTED",
      "presentation": "{\"w\":60,\"x\":1246,\"h\":60,\"y\":521}",
      "step": "22cda9cb-9572-569c-9fde-fe8505a6908a",
      "stepType": "SCRIPT_STEP",
      "inputMappings": [
        {
          "inputPort": "input",
          "mapping": "${event.properties.Channel}",
          "stepInput": "4f0f8138-39b4-555f-8957-8587479a622a"
        },
        {
          "inputPort": "input",
          "mapping": "false",
          "stepInput": "5c5cec47-9a60-5c03-95d7-9e75de27d401"
        },
        {
          "inputPort": "input",
          "mapping": "true",
          "stepInput": "7b8986bf-9463-51f0-9433-098e86ae71f4"
        }
      ]
    },
    {
      "id": "251dd20f-e9f1-4e41-895e-0e1201d298ea",
      "endpoint": "Slack Instance",
      "label": "Create Channel",
      "environment": "HOSTED",
      "presentation": "{\"w\":60,\"x\":1192,\"h\":60,\"y\":371}",
      "step": "22cda9cb-9572-569c-9fde-fe8505a6908a",
      "stepType": "SCRIPT_STEP",
      "inputMappings": [
        {
          "inputPort": "input",
          "mapping": "${event.properties.Channel}",
          "stepInput": "4f0f8138-39b4-555f-8957-8587479a622a"
        },
        {
          "inputPort": "input",
          "mapping": "false",
          "stepInput": "5c5cec47-9a60-5c03-95d7-9e75de27d401"
        },
        {
          "inputPort": "input",
          "mapping": "true",
          "stepInput": "7b8986bf-9463-51f0-9433-098e86ae71f4"
        }
      ]
    },
    {
      "id": "2dd0b4fe-8d63-4820-a6ab-3a7cb78d9150",
      "endpoint": "Slack Instance",
      "label": "Create Channel",
      "environment": "HOSTED",
      "presentation": "{\"w\":60,\"x\":1314,\"h\":60,\"y\":671}",
      "step": "22cda9cb-9572-569c-9fde-fe8505a6908a",
      "stepType": "SCRIPT_STEP",
      "inputMappings": [
        {
          "inputPort": "input",
          "mapping": "${event.properties.Channel}",
          "stepInput": "4f0f8138-39b4-555f-8957-8587479a622a"
        },
        {
          "inputPort": "input",
          "mapping": "false",
          "stepInput": "5c5cec47-9a60-5c03-95d7-9e75de27d401"
        },
        {
          "inputPort": "input",
          "mapping": "true",
          "stepInput": "7b8986bf-9463-51f0-9433-098e86ae71f4"
        }
      ]
    },
    {
      "id": "d6426af3-7ed5-474c-aa32-7e0f46cb293f",
      "label": "Only Active",
      "environment": "HOSTED",
      "presentation": "{\"w\":60,\"x\":220,\"h\":60,\"y\":55}",
      "stepType": "SWITCH",
      "inputMappings": [
        {
          "inputPort": "input",
          "mapping": "${event.status}"
        }
      ],
      "switchCases": [
        {
          "caseId": "ba3b7f9f-e138-4819-8bad-afd6040f0bd2",
          "caseValue": "ACTIVE"
        }
      ]
    },
    {
      "id": "80712114-ede4-482a-9cce-27748370e7a9",
      "endpoint": "Slack Instance",
      "label": "Post to Channel",
      "environment": "HOSTED",
      "presentation": "{\"w\":60,\"x\":1476,\"h\":60,\"y\":371}",
      "step": "35beee73-56f6-5ecf-ba71-484f79304feb",
      "stepType": "SCRIPT_STEP",
      "inputMappings": [
        {
          "inputPort": "input",
          "mapping": "${251dd20f-e9f1-4e41-895e-0e1201d298ea.Channel Name}",
          "stepInput": "2fdc0b37-5756-5826-9fed-600f8c9fe833"
        },
        {
          "inputPort": "input",
          "mapping": "${6601e747-bb23-40ce-95f3-a9c4708720a6.changes_Markdown}",
          "stepInput": "799e9bcb-4144-53e3-a504-788bd5e222c2"
        },
        {
          "inputPort": "input",
          "mapping": "true",
          "stepInput": "970a1655-965c-51e7-bf6d-6fe3da8af91f"
        }
      ]
    },
    {
      "id": "03a58ea9-960c-4b35-a6a6-5a10a203a291",
      "endpoint": "Slack Instance",
      "label": "Post to Channel",
      "environment": "HOSTED",
      "presentation": "{\"w\":60,\"x\":1348,\"h\":60,\"y\":63}",
      "step": "35beee73-56f6-5ecf-ba71-484f79304feb",
      "stepType": "SCRIPT_STEP",
      "inputMappings": [
        {
          "inputPort": "input",
          "mapping": "${8b41493d-64c7-4ef0-ad8d-7f7ff889576d.Channel Name}",
          "stepInput": "2fdc0b37-5756-5826-9fed-600f8c9fe833"
        },
        {
          "inputPort": "input",
          "mapping": "${ed9582f8-f01f-4e04-8d28-ac006bfe6509.changes_slackMessage}",
          "stepInput": "799e9bcb-4144-53e3-a504-788bd5e222c2"
        },
        {
          "inputPort": "input",
          "mapping": "true",
          "stepInput": "970a1655-965c-51e7-bf6d-6fe3da8af91f"
        },
        {
          "inputPort": "input",
          "mapping": "${ed9582f8-f01f-4e04-8d28-ac006bfe6509.changes_slackAttachment}",
          "stepInput": "f7d1c186-3018-5d8f-97dc-82d447e1a70a"
        }
      ]
    },
    {
      "id": "1d55b326-b5c5-4c1c-8ed0-469bda969d97",
      "endpoint": "Slack Instance",
      "label": "Post to Channel",
      "environment": "HOSTED",
      "presentation": "{\"w\":60,\"x\":1545,\"h\":60,\"y\":521}",
      "step": "35beee73-56f6-5ecf-ba71-484f79304feb",
      "stepType": "SCRIPT_STEP",
      "inputMappings": [
        {
          "inputPort": "input",
          "mapping": "${ab81a76e-6dd2-42ab-ad0f-e706e4ee2504.Channel Name}",
          "stepInput": "2fdc0b37-5756-5826-9fed-600f8c9fe833"
        },
        {
          "inputPort": "input",
          "mapping": "${6601e747-bb23-40ce-95f3-a9c4708720a6.changes_Text}",
          "stepInput": "799e9bcb-4144-53e3-a504-788bd5e222c2"
        },
        {
          "inputPort": "input",
          "mapping": "true",
          "stepInput": "970a1655-965c-51e7-bf6d-6fe3da8af91f"
        }
      ]
    },
    {
      "id": "41f18d81-ad33-4c58-a459-d433f5dcd8b2",
      "endpoint": "Slack Instance",
      "label": "Post to Channel",
      "environment": "HOSTED",
      "presentation": "{\"w\":60,\"x\":1595,\"h\":60,\"y\":671}",
      "step": "35beee73-56f6-5ecf-ba71-484f79304feb",
      "stepType": "SCRIPT_STEP",
      "inputMappings": [
        {
          "inputPort": "input",
          "mapping": "${2dd0b4fe-8d63-4820-a6ab-3a7cb78d9150.Channel Name}",
          "stepInput": "2fdc0b37-5756-5826-9fed-600f8c9fe833"
        },
        {
          "inputPort": "input",
          "mapping": "${6601e747-bb23-40ce-95f3-a9c4708720a6.changes_CSV}",
          "stepInput": "799e9bcb-4144-53e3-a504-788bd5e222c2"
        },
        {
          "inputPort": "input",
          "mapping": "true",
          "stepInput": "970a1655-965c-51e7-bf6d-6fe3da8af91f"
        }
      ]
    },
    {
      "id": "6601e747-bb23-40ce-95f3-a9c4708720a6",
      "endpoint": "ServiceNow",
      "label": "SN Get Changes",
      "environment": "HOSTED",
      "presentation": "{\"w\":60,\"x\":771,\"h\":60,\"y\":500}",
      "step": "e859f3a2-b894-40cf-b63a-2428d13a8e2e",
      "stepType": "SCRIPT_STEP",
      "inputMappings": [
        {
          "inputPort": "input",
          "mapping": "${constants.ServiceNow Base URL}",
          "stepInput": "bcb52b58-004a-4041-a586-9f3ad07b1002"
        },
        {
          "inputPort": "input",
          "mapping": "${event.properties.Period}",
          "stepInput": "c3cc9640-3fdd-450e-b455-77351cd2c66e"
        },
        {
          "inputPort": "input",
          "mapping": "${event.properties.X}",
          "stepInput": "1105c80c-7ec6-4557-b542-36beb6c22c29"
        },
        {
          "inputPort": "input",
          "mapping": "${event.properties.Limit}",
          "stepInput": "e9ee3ff8-1e21-4ba0-adc9-5b4477c6eb86"
        },
        {
          "inputPort": "input",
          "mapping": "${event.properties.Order By Field}",
          "stepInput": "dd95b47d-b21a-4cd7-8047-2abb73e63469"
        },
        {
          "inputPort": "input",
          "mapping": "${event.properties.Order}",
          "stepInput": "ca3bb2ff-ffaa-4f61-9968-3a5924ae617b"
        },
        {
          "inputPort": "input",
          "mapping": "${event.properties.Character Limit}",
          "stepInput": "79dcfd40-efe6-465d-af6a-906a5393af7f"
        }
      ]
    },
    {
      "id": "0603e814-2d97-4537-8844-b17f28b3fe57",
      "label": "SN Get Changes - Event Status Updates",
      "environment": "HOSTED",
      "presentation": "{\"w\":60,\"x\":0,\"h\":60,\"y\":40}",
      "step": "f9463797-83b2-4d7d-989f-d316df2eebfd",
      "stepType": "INTEGRATION"
    },
    {
      "id": "ed9582f8-f01f-4e04-8d28-ac006bfe6509",
      "endpoint": "ServiceNow",
      "label": "SN Get Changes for Slack",
      "environment": "HOSTED",
      "presentation": "{\"w\":60,\"x\":774,\"h\":60,\"y\":63}",
      "step": "38c51d2e-23e5-4eef-82c9-5278b789048e",
      "stepType": "SCRIPT_STEP",
      "inputMappings": [
        {
          "inputPort": "input",
          "mapping": "${constants.ServiceNow Base URL}",
          "stepInput": "1797cdee-8a69-4551-ae71-6cd863ebf68c"
        },
        {
          "inputPort": "input",
          "mapping": "${event.properties.Period}",
          "stepInput": "ec8dec66-4b30-4c06-a0b4-1063fe94282c"
        },
        {
          "inputPort": "input",
          "mapping": "${event.properties.X}",
          "stepInput": "fea62965-f6fa-43e3-a670-4519ac572b79"
        },
        {
          "inputPort": "input",
          "mapping": "${event.properties.Limit}",
          "stepInput": "01488066-a75e-4725-9813-7aeff8a2d92e"
        },
        {
          "inputPort": "input",
          "mapping": "${event.properties.Order By Field}",
          "stepInput": "d8d7e314-d4c5-49d8-a19d-7543c534e461"
        },
        {
          "inputPort": "input",
          "mapping": "${event.properties.Order}",
          "stepInput": "6abb2c3d-b140-47df-9003-dd6406b223a0"
        },
        {
          "inputPort": "input",
          "mapping": "${event.properties.Character Limit}",
          "stepInput": "0045b2cc-e728-41ad-b7b7-62f2125940f1"
        }
      ]
    },
    {
      "id": "2c217d7c-641d-437f-9118-2c0e36cd372c",
      "label": "Switch",
      "environment": "HOSTED",
      "presentation": "{\"w\":60,\"x\":985,\"h\":60,\"y\":236}",
      "stepType": "SWITCH",
      "inputMappings": [
        {
          "inputPort": "input",
          "mapping": "${event.properties.Output Style}"
        }
      ],
      "switchCases": [
        {
          "caseId": "f628d62a-3559-4c78-bf7a-c8ac07858148",
          "caseValue": "Markdown"
        },
        {
          "caseId": "80c346e2-6e2e-450c-a761-1dea8a7e3562",
          "caseValue": "Plain Text"
        },
        {
          "caseId": "b21e180c-00f5-4085-adba-a4aaa06df306",
          "caseValue": "CSV"
        }
      ]
    },
    {
      "id": "2c90bd47-8ace-439b-83c8-2ae5ecb47016",
      "label": "Which Chat Tool",
      "environment": "HOSTED",
      "presentation": "{\"w\":60,\"x\":483,\"h\":60,\"y\":47}",
      "stepType": "SWITCH",
      "inputMappings": [
        {
          "inputPort": "input",
          "mapping": "${event.properties.Chat Tool}"
        }
      ],
      "switchCases": [
        {
          "caseId": "7cfac219-77b4-46ec-b741-5138c42acbf5",
          "caseValue": "Slack"
        }
      ]
    }
  ],
  "edges": [
    {
      "fromBlock": "8b41493d-64c7-4ef0-ad8d-7f7ff889576d",
      "fromPort": "output",
      "toBlock": "03a58ea9-960c-4b35-a6a6-5a10a203a291",
      "toPort": "input"
    },
    {
      "fromBlock": "ab81a76e-6dd2-42ab-ad0f-e706e4ee2504",
      "fromPort": "output",
      "toBlock": "1d55b326-b5c5-4c1c-8ed0-469bda969d97",
      "toPort": "input"
    },
    {
      "fromBlock": "d6426af3-7ed5-474c-aa32-7e0f46cb293f",
      "fromPort": "ba3b7f9f-e138-4819-8bad-afd6040f0bd2",
      "toBlock": "2c90bd47-8ace-439b-83c8-2ae5ecb47016",
      "toPort": "input"
    },
    {
      "fromBlock": "ed9582f8-f01f-4e04-8d28-ac006bfe6509",
      "fromPort": "output",
      "toBlock": "8b41493d-64c7-4ef0-ad8d-7f7ff889576d",
      "toPort": "input"
    },
    {
      "fromBlock": "0603e814-2d97-4537-8844-b17f28b3fe57",
      "fromPort": "output",
      "toBlock": "d6426af3-7ed5-474c-aa32-7e0f46cb293f",
      "toPort": "input"
    },
    {
      "fromBlock": "251dd20f-e9f1-4e41-895e-0e1201d298ea",
      "fromPort": "output",
      "toBlock": "80712114-ede4-482a-9cce-27748370e7a9",
      "toPort": "input"
    },
    {
      "fromBlock": "2c217d7c-641d-437f-9118-2c0e36cd372c",
      "fromPort": "80c346e2-6e2e-450c-a761-1dea8a7e3562",
      "toBlock": "ab81a76e-6dd2-42ab-ad0f-e706e4ee2504",
      "toPort": "input"
    },
    {
      "fromBlock": "2c217d7c-641d-437f-9118-2c0e36cd372c",
      "fromPort": "f628d62a-3559-4c78-bf7a-c8ac07858148",
      "toBlock": "251dd20f-e9f1-4e41-895e-0e1201d298ea",
      "toPort": "input"
    },
    {
      "fromBlock": "2c217d7c-641d-437f-9118-2c0e36cd372c",
      "fromPort": "b21e180c-00f5-4085-adba-a4aaa06df306",
      "toBlock": "2dd0b4fe-8d63-4820-a6ab-3a7cb78d9150",
      "toPort": "input"
    },
    {
      "fromBlock": "2c90bd47-8ace-439b-83c8-2ae5ecb47016",
      "fromPort": "7cfac219-77b4-46ec-b741-5138c42acbf5",
      "toBlock": "ed9582f8-f01f-4e04-8d28-ac006bfe6509",
      "toPort": "input"
    },
    {
      "fromBlock": "2c90bd47-8ace-439b-83c8-2ae5ecb47016",
      "fromPort": "output",
      "toBlock": "6601e747-bb23-40ce-95f3-a9c4708720a6",
      "toPort": "input"
    },
    {
      "fromBlock": "2dd0b4fe-8d63-4820-a6ab-3a7cb78d9150",
      "fromPort": "output",
      "toBlock": "41f18d81-ad33-4c58-a459-d433f5dcd8b2",
      "toPort": "input"
    },
    {
      "fromBlock": "6601e747-bb23-40ce-95f3-a9c4708720a6",
      "fromPort": "output",
      "toBlock": "2c217d7c-641d-437f-9118-2c0e36cd372c",
      "toPort": "input"
    }
  ]
}